,school_name,school_id,network,grade,year,reading_studentsnumber,reading_vam,reading_confidence,reading_percentile,reading_color,math_studentsnumber,math_vam,math_confidence,math_percentile,math_color
0,GLOBAL CITIZENSHIP CHTR,400009,Charter/Contract,All Grades,2013,93.0,-0.3,-1.3 to 0.7,33.0,Yellow,93.0,-0.8,-1.6 to 0,20.0,Red
1,"LOCKE, A CHTR",400011,Charter/Contract,All Grades,2013,213.0,0.7,-0.1 to 1.5,81.0,Yellow,213.0,1.0,0.5 to 1.5,87.0,Green
2,AMANDLA CHTR HS,400012,Charter/Contract,All Grades,2013,243.0,-1.9,-2.7 to -1.1,2.0,Red,244.0,-1.4,-2 to -0.9,7.0,Red
3,ASPIRA CHTR - HAUGAN,400017,Charter/Contract,All Grades,2013,562.0,0.4,-0.2 to 1,71.0,Yellow,561.0,0.5,0.2 to 0.9,73.0,Green
4,BRONZEVILLE LTHOUSE CHTR CAMPUS,400019,Charter/Contract,All Grades,2013,246.0,0.2,-0.6 to 0.9,60.0,Yellow,246.0,-1.1,-1.6 to -0.6,12.0,Red
5,CATALYST CHTR - HOWLAND,400020,Charter/Contract,All Grades,2013,254.0,-0.2,-0.9 to 0.6,41.0,Yellow,253.0,-0.1,-0.6 to 0.5,50.0,Yellow
6,CATALYST CHTR - CIRCLE ROCK,400021,Charter/Contract,All Grades,2013,276.0,-0.3,-1 to 0.4,35.0,Yellow,275.0,0.5,0 to 1,73.0,Green
7,CICS-AVALON /SO SHORE,400023,Charter/Contract,All Grades,2013,210.0,1.8,1 to 2.6,97.0,Green,210.0,-1.0,-1.5 to -0.4,16.0,Red
8,CICS-BASIL,400024,Charter/Contract,All Grades,2013,361.0,0.6,-0.1 to 1.2,77.0,Yellow,362.0,-0.6,-1 to -0.2,27.0,Red
9,CICS-BUCKTOWN,400025,Charter/Contract,All Grades,2013,348.0,-1.7,-2.3 to -1,3.0,Red,348.0,-1.3,-1.8 to -0.9,8.0,Red
10,CICS-IRVING PARK,400027,Charter/Contract,All Grades,2013,294.0,-1.5,-2.2 to -0.8,5.0,Red,294.0,0.2,-0.2 to 0.7,63.0,Yellow
11,CICS-PRAIRIE,400028,Charter/Contract,All Grades,2013,255.0,-0.1,-0.8 to 0.7,46.0,Yellow,255.0,-1.6,-2.1 to -1.1,6.0,Red
12,CICS-WASHINGTON PARK,400029,Charter/Contract,All Grades,2013,250.0,0.0,-0.7 to 0.8,52.0,Yellow,250.0,0.7,0.2 to 1.2,80.0,Green
13,CICS-WEST BELDEN,400030,Charter/Contract,All Grades,2013,277.0,-1.1,-1.8 to -0.4,11.0,Red,277.0,-1.3,-1.7 to -0.8,9.0,Red
14,CICS-WRIGHTWOOD,400031,Charter/Contract,All Grades,2013,384.0,-0.5,-1.2 to 0.1,24.0,Yellow,384.0,0.0,-0.4 to 0.4,52.0,Yellow
15,CICS-LONGWOOD,400033,Charter/Contract,All Grades,2013,733.0,-2.3,-2.8 to -1.9,1.0,Red,735.0,-3.6,-3.9 to -3.3,0.0,Red
16,CHGO MATH & SCI ACAD CAMPUS HS,400035,Charter/Contract,All Grades,2013,250.0,-0.9,-1.7 to -0.1,15.0,Red,250.0,-1.2,-1.7 to -0.6,11.0,Red
17,CHICAGO VIRTUAL CHTR CAMPUS HS,400036,Charter/Contract,All Grades,2013,237.0,0.4,-0.4 to 1.1,69.0,Yellow,236.0,-0.9,-1.4 to -0.4,19.0,Red
18,ERIE CHTR CAMPUS,400039,Charter/Contract,All Grades,2013,207.0,0.1,-0.7 to 0.9,55.0,Yellow,207.0,-0.2,-0.7 to 0.4,44.0,Yellow
19,FRAZIER CONTR,400040,Charter/Contract,All Grades,2013,223.0,-2.2,-3 to -1.4,1.0,Red,222.0,-2.1,-2.6 to -1.6,2.0,Red
20,GALAPAGOS CHTR CAMPUS,400041,Charter/Contract,All Grades,2013,186.0,-0.8,-1.6 to 0,17.0,Yellow,186.0,-0.3,-0.8 to 0.3,41.0,Yellow
21,HOPE CONTR ES,400043,Charter/Contract,All Grades,2013,80.0,1.0,0 to 2.1,89.0,Yellow,80.0,0.1,-0.8 to 0.9,54.0,Yellow
22,KIPP ASCEND CHTR CAMPUS,400044,Charter/Contract,All Grades,2013,326.0,0.0,-0.7 to 0.8,52.0,Yellow,326.0,0.4,0 to 0.9,69.0,Yellow
23,NKRUMAH CHTR,400045,Charter/Contract,All Grades,2013,63.0,-0.4,-1.5 to 0.7,28.0,Yellow,63.0,-1.3,-2.2 to -0.4,9.0,Red
24,LEARN CHTR BUTLER,400046,Charter/Contract,All Grades,2013,266.0,0.1,-0.6 to 0.8,57.0,Yellow,266.0,0.5,0 to 1,73.0,Green
25,LEARN CHTR - CAMPBELL,400047,Charter/Contract,All Grades,2013,115.0,-0.4,-1.3 to 0.6,31.0,Yellow,115.0,-0.6,-1.3 to 0.1,26.0,Yellow
26,LEARN CHTR EXCEL,400048,Charter/Contract,All Grades,2013,109.0,-0.3,-1.3 to 0.6,32.0,Yellow,109.0,0.1,-0.7 to 0.8,53.0,Yellow
27,LEGACY CHTR CAMPUS,400049,Charter/Contract,All Grades,2013,246.0,-0.2,-1 to 0.6,39.0,Yellow,246.0,0.1,-0.4 to 0.6,59.0,Yellow
28,NAMASTE CHTR CAMPUS,400050,Charter/Contract,All Grades,2013,225.0,-0.7,-1.4 to 0.1,21.0,Yellow,225.0,-0.3,-0.8 to 0.2,41.0,Yellow
29,NOBLE ST CHTR-COMER,400052,Charter/Contract,All Grades,2013,124.0,2.3,1.3 to 3.4,99.0,Green,124.0,2.1,1.4 to 2.8,98.0,Green
30,ASIAN HUMAN SERVICES CHTR - PASSAGES,400060,Charter/Contract,All Grades,2013,173.0,0.2,-0.7 to 1,59.0,Yellow,173.0,0.0,-0.6 to 0.6,52.0,Yellow
31,PERSPECTIVES CHTR - LEADERSHIP ACADEMY,400061,Charter/Contract,All Grades,2013,284.0,-1.5,-2.3 to -0.7,5.0,Red,285.0,0.2,-0.4 to 0.7,60.0,Yellow
32,PERSPECTIVES CHTR JOSLIN,400064,Charter/Contract,All Grades,2013,131.0,0.5,-0.6 to 1.5,73.0,Yellow,130.0,1.3,0.5 to 2,90.0,Green
33,PERSPECTIVES CHTR IIT,400066,Charter/Contract,All Grades,2013,224.0,-1.7,-2.6 to -0.8,3.0,Red,223.0,-1.3,-1.9 to -0.7,8.0,Red
34,PERSPECTIVES CHTR CALUMET MIDDLE,400067,Charter/Contract,All Grades,2013,7.0,0.0,-1.9 to 2,51.0,Yellow,7.0,0.1,-1.9 to 2,53.0,Yellow
35,PLATO CONTR,400068,Charter/Contract,All Grades,2013,248.0,-0.7,-1.5 to 0,18.0,Red,248.0,-1.0,-1.5 to -0.5,15.0,Red
36,POLARIS CHTR CAMPUS,400069,Charter/Contract,All Grades,2013,181.0,1.0,0.1 to 1.8,89.0,Green,182.0,-0.6,-1.2 to 0,27.0,Red
37,PROVIDENCE CHTR-BUNCHE,400071,Charter/Contract,All Grades,2013,177.0,-0.2,-1 to 0.7,41.0,Yellow,176.0,-0.5,-1.1 to 0.1,31.0,Yellow
38,SHABAZZ CHTR-SHABAZZ,400072,Charter/Contract,All Grades,2013,147.0,0.7,-0.2 to 1.7,84.0,Yellow,147.0,0.9,0.2 to 1.5,84.0,Green
39,SHABAZZ CHTR-SIZEMORE,400074,Charter/Contract,All Grades,2013,142.0,0.3,-0.6 to 1.3,66.0,Yellow,143.0,-0.9,-1.6 to -0.2,18.0,Red
40,UNIV OF CHGO CHTR-DONOGHUE,400075,Charter/Contract,All Grades,2013,128.0,-0.3,-1.1 to 0.6,34.0,Yellow,128.0,0.0,-0.7 to 0.6,50.0,Yellow
41,UNIV OF CHGO CHTR-NKO,400076,Charter/Contract,All Grades,2013,98.0,0.6,-0.3 to 1.6,79.0,Yellow,98.0,0.7,-0.1 to 1.4,78.0,Yellow
42,UNIV OF CHGO CHTR-WOODLAWN,400077,Charter/Contract,All Grades,2013,202.0,-0.5,-1.3 to 0.4,27.0,Yellow,202.0,-0.1,-0.6 to 0.5,49.0,Yellow
43,UNIV OF CHGO CHTR-WOODSON,400078,Charter/Contract,All Grades,2013,354.0,-0.7,-1.4 to 0,20.0,Yellow,354.0,-1.2,-1.6 to -0.7,10.0,Red
44,UNO CHTR - SPC DANIEL ZIZUMBO,400079,Charter/Contract,All Grades,2013,377.0,0.5,-0.1 to 1.1,74.0,Yellow,377.0,-0.7,-1.1 to -0.3,22.0,Red
45,UNO CHTR - PFC OMAR E.TORRES,400080,Charter/Contract,All Grades,2013,375.0,0.3,-0.3 to 0.9,65.0,Yellow,375.0,-0.5,-1 to -0.1,30.0,Red
46,UNO CHTR-DE LAS CASAS,400081,Charter/Contract,All Grades,2013,159.0,1.3,0.4 to 2.2,92.0,Green,158.0,-0.3,-0.9 to 0.3,38.0,Yellow
47,UNO CHTR-FUENTES,400082,Charter/Contract,All Grades,2013,309.0,0.2,-0.4 to 0.9,61.0,Yellow,312.0,0.4,-0.1 to 0.8,67.0,Yellow
48,UNO CHTR-PAZ,400083,Charter/Contract,All Grades,2013,253.0,0.6,-0.1 to 1.4,79.0,Yellow,254.0,-0.4,-0.9 to 0.1,36.0,Yellow
49,UNO CHTR-TAMAYO,400084,Charter/Contract,All Grades,2013,143.0,0.0,-0.9 to 1,53.0,Yellow,143.0,-1.0,-1.6 to -0.3,17.0,Red
50,YNG WOMEN-CHTR CAMPUS,400087,Charter/Contract,All Grades,2013,73.0,-1.0,-2.3 to 0.2,12.0,Yellow,73.0,-2.1,-3 to -1.2,2.0,Red
51,UNO CHTR-MARQUEZ,400089,Charter/Contract,All Grades,2013,316.0,-0.4,-1.1 to 0.3,30.0,Yellow,316.0,-0.1,-0.5 to 0.4,49.0,Yellow
52,CICS - LLOYD BOND,400092,Charter/Contract,All Grades,2013,132.0,-0.9,-1.9 to 0,14.0,Red,132.0,0.3,-0.4 to 0.9,64.0,Yellow
53,ROWE,400096,Charter/Contract,All Grades,2013,47.0,-1.6,-2.8 to -0.3,4.0,Red,47.0,-2.7,-3.6 to -1.7,1.0,Red
54,UNO CHTR  - SANDRA CISNEROS,400101,Charter/Contract,All Grades,2013,306.0,-0.7,-1.3 to 0,21.0,Yellow,306.0,0.5,0.1 to 1,73.0,Green
55,LEARN CHRT - SO CHICAGO,400107,Charter/Contract,All Grades,2013,67.0,-0.3,-1.4 to 0.8,34.0,Yellow,67.0,-0.5,-1.4 to 0.3,31.0,Yellow
56,CICS - HAWKINS,400108,Charter/Contract,All Grades,2013,108.0,-0.3,-1.4 to 0.9,35.0,Yellow,108.0,0.0,-0.8 to 0.8,50.0,Yellow
57,LEARN CHTR - HUNTER PERKINS,400111,Charter/Contract,All Grades,2013,37.0,1.3,0 to 2.5,93.0,Green,37.0,2.3,1.2 to 3.4,99.0,Green
58,UNO CHTR-51ST - HOMAN,400112,Charter/Contract,All Grades,2013,317.0,0.2,-0.5 to 0.9,60.0,Yellow,317.0,0.7,0.3 to 1.2,80.0,Green
59,CHICAGO QUEST NORTH,400113,Charter/Contract,All Grades,2013,266.0,-0.5,-1.3 to 0.3,26.0,Yellow,266.0,-1.0,-1.6 to -0.5,14.0,Red
60,UNO CHTR - ST MARKS,400114,Charter/Contract,All Grades,2013,141.0,0.5,-0.4 to 1.5,76.0,Yellow,142.0,0.8,0.2 to 1.5,83.0,Green
61,CATALYST CHTR - MARIA,400115,Charter/Contract,All Grades,2013,112.0,0.4,-0.5 to 1.4,72.0,Yellow,110.0,0.1,-0.6 to 0.9,59.0,Yellow
62,UNO CHTR - NEAR WEST,400120,Charter/Contract,All Grades,2013,266.0,-1.0,-1.8 to -0.2,13.0,Red,262.0,-1.8,-2.3 to -1.3,4.0,Red
63,UNO CHTR - NORTHSIDE,400121,Charter/Contract,All Grades,2013,211.0,-0.1,-0.9 to 0.8,46.0,Yellow,211.0,-0.4,-0.9 to 0.2,35.0,Yellow
64,KIPP CHTR CREATE,400146,Charter/Contract,All Grades,2013,69.0,0.7,-0.5 to 1.9,82.0,Yellow,69.0,-0.9,-1.7 to 0,19.0,Red
65,HARLAN HS,609710,Far South Side,All Grades,2013,21.0,-0.5,-2.1 to 1.2,26.0,Yellow,21.0,-1.6,-2.9 to -0.2,6.0,Red
66,LANE HS,609720,North-Northwest Side,All Grades,2013,206.0,-1.5,-2.4 to -0.7,4.0,Red,206.0,0.3,-0.3 to 0.9,66.0,Yellow
67,MORGAN PARK HS,609725,Far South Side,All Grades,2013,106.0,-0.4,-1.6 to 0.7,28.0,Yellow,106.0,-2.0,-2.7 to -1.2,3.0,Red
68,TAFT HS,609734,North-Northwest Side,All Grades,2013,228.0,-1.6,-2.4 to -0.7,4.0,Red,228.0,-1.1,-1.6 to -0.5,13.0,Red
69,KENWOOD HS,609746,South Side,All Grades,2013,208.0,-1.5,-2.4 to -0.6,5.0,Red,208.0,-1.2,-1.8 to -0.6,11.0,Red
70,SIMPSON HS,609750,Alternative,All Grades,2013,4.0,0.0,-1.9 to 2,51.0,Yellow,4.0,0.0,-1.9 to 2,52.0,Yellow
71,YOUNG HS,609755,West Side,All Grades,2013,216.0,0.4,-0.5 to 1.2,68.0,Yellow,216.0,0.4,-0.2 to 1,68.0,Yellow
72,ADDAMS,609772,Lake Calumet,All Grades,2013,436.0,0.5,-0.1 to 1.1,73.0,Yellow,435.0,1.2,0.8 to 1.6,90.0,Green
73,AGASSIZ,609773,Ravenswood-Ridge,All Grades,2013,161.0,0.7,-0.2 to 1.5,80.0,Yellow,161.0,2.8,2.2 to 3.4,99.0,Green
74,ALCOTT ES,609774,North-Northwest Side,All Grades,2013,219.0,-0.5,-1.3 to 0.2,24.0,Yellow,218.0,-0.7,-1.2 to -0.1,26.0,Red
75,ARMOUR,609777,Pershing,All Grades,2013,174.0,-1.1,-2 to -0.2,12.0,Red,180.0,-0.1,-0.7 to 0.5,48.0,Yellow
76,"ARMSTRONG, G",609779,Ravenswood-Ridge,All Grades,2013,681.0,-0.4,-0.9 to 0.1,31.0,Yellow,679.0,0.7,0.3 to 1,77.0,Green
77,AMES,609780,Fullerton,All Grades,2013,465.0,-1.2,-1.9 to -0.6,9.0,Red,463.0,-0.6,-1 to -0.2,27.0,Red
78,AUDUBON,609782,Ravenswood-Ridge,All Grades,2013,241.0,-0.1,-0.8 to 0.7,47.0,Yellow,241.0,-0.5,-1 to 0,30.0,Red
79,JEFFERSON ALT HS,609783,Alternative,All Grades,2013,8.0,0.0,-1.9 to 2,52.0,Yellow,9.0,-0.1,-2.1 to 1.9,48.0,Yellow
80,AVALON PARK,609786,Skyway,All Grades,2013,153.0,-0.5,-1.5 to 0.5,25.0,Yellow,155.0,-1.2,-1.9 to -0.5,10.0,Red
81,BARNARD,609788,Rock Island,All Grades,2013,117.0,-0.9,-1.9 to 0.2,16.0,Yellow,118.0,-0.7,-1.4 to 0,23.0,Yellow
82,BARRY,609789,Fullerton,All Grades,2013,269.0,0.7,0 to 1.3,81.0,Yellow,269.0,0.6,0.1 to 1.1,75.0,Green
83,BARTON,609790,Englewood-Gresham,All Grades,2013,333.0,-0.1,-0.9 to 0.6,43.0,Yellow,331.0,-1.5,-2 to -1,6.0,Red
84,BASS,609791,Englewood-Gresham,All Grades,2013,157.0,-1.5,-2.5 to -0.6,5.0,Red,157.0,-2.6,-3.3 to -2,1.0,Red
85,BATEMAN,609792,O'Hare,All Grades,2013,474.0,-0.2,-0.7 to 0.4,40.0,Yellow,473.0,-0.1,-0.5 to 0.3,47.0,Yellow
86,NICHOLSON TECH ACAD,609793,Englewood-Gresham,All Grades,2013,180.0,-1.2,-2.1 to -0.3,10.0,Red,178.0,-0.4,-1.1 to 0.2,32.0,Yellow
87,"EDISON, T",609794,O'Hare,All Grades,2013,153.0,2.0,1.1 to 2.9,99.0,Green,153.0,1.5,0.9 to 2.1,94.0,Green
88,"CLARK, G",609795,Austin-North Lawndale,All Grades,2013,121.0,0.1,-0.9 to 1.1,56.0,Yellow,121.0,1.0,0.3 to 1.7,86.0,Green
89,BEAUBIEN,609796,O'Hare,All Grades,2013,570.0,-0.3,-0.8 to 0.3,36.0,Yellow,573.0,-0.4,-0.7 to 0,37.0,Red
90,BEIDLER,609797,Garfield-Humboldt,All Grades,2013,222.0,-0.7,-1.6 to 0.1,19.0,Yellow,220.0,0.7,0.2 to 1.2,79.0,Green
91,BELDING,609798,O'Hare,All Grades,2013,244.0,0.7,-0.1 to 1.4,80.0,Yellow,242.0,0.2,-0.3 to 0.8,63.0,Yellow
92,BELL,609799,Ravenswood-Ridge,All Grades,2013,520.0,0.7,0.2 to 1.3,84.0,Green,517.0,0.2,-0.1 to 0.6,63.0,Yellow
93,BENNETT,609800,Rock Island,All Grades,2013,241.0,-1.0,-1.8 to -0.2,13.0,Red,242.0,-0.4,-0.9 to 0.2,36.0,Yellow
94,BLAINE,609803,Ravenswood-Ridge,All Grades,2013,361.0,0.7,0.1 to 1.4,84.0,Green,362.0,-0.7,-1.1 to -0.3,24.0,Red
95,BOONE,609804,Ravenswood-Ridge,All Grades,2013,350.0,0.1,-0.6 to 0.7,54.0,Yellow,349.0,-1.0,-1.5 to -0.6,14.0,Red
96,JOPLIN,609805,Englewood-Gresham,All Grades,2013,252.0,-0.1,-0.9 to 0.6,42.0,Yellow,250.0,0.8,0.3 to 1.3,83.0,Green
97,BRADWELL,609806,AUSL,All Grades,2013,407.0,-1.0,-1.8 to -0.2,13.0,Red,403.0,-0.7,-1.2 to -0.3,22.0,Red
98,HAMPTON,609807,Midway,All Grades,2013,353.0,0.3,-0.3 to 1,67.0,Yellow,352.0,-1.1,-1.5 to -0.7,12.0,Red
99,HALEY,609808,Rock Island,All Grades,2013,269.0,-0.8,-1.5 to 0,18.0,Red,269.0,-1.0,-1.5 to -0.5,16.0,Red
100,BRENTANO,609809,Fullerton,All Grades,2013,175.0,0.8,-0.1 to 1.7,86.0,Yellow,177.0,1.0,0.4 to 1.7,87.0,Green
101,BRIDGE,609810,O'Hare,All Grades,2013,429.0,0.6,0 to 1.2,78.0,Yellow,429.0,0.1,-0.3 to 0.5,56.0,Yellow
102,BRIGHT,609811,Lake Calumet,All Grades,2013,150.0,-0.1,-1.1 to 0.9,46.0,Yellow,147.0,0.3,-0.3 to 1,67.0,Yellow
103,"BROWN, W",609812,Fulton,All Grades,2013,82.0,0.0,-1.2 to 1.2,50.0,Yellow,83.0,-0.6,-1.4 to 0.3,29.0,Yellow
104,BROWNELL,609813,Skyway,All Grades,2013,104.0,0.0,-1 to 1.1,53.0,Yellow,103.0,0.2,-0.6 to 1,61.0,Yellow
105,BOUCHET,609815,Skyway,All Grades,2013,332.0,0.5,-0.2 to 1.2,74.0,Yellow,330.0,0.4,-0.1 to 0.9,69.0,Yellow
106,BUDLONG,609817,Ravenswood-Ridge,All Grades,2013,327.0,0.1,-0.5 to 0.8,58.0,Yellow,327.0,-0.7,-1.1 to -0.2,25.0,Red
107,BURBANK,609818,Fullerton,All Grades,2013,462.0,1.1,0.5 to 1.7,90.0,Green,461.0,0.7,0.3 to 1.1,79.0,Green
108,BURKE,609819,Burnham Park,All Grades,2013,128.0,0.2,-0.8 to 1.2,61.0,Yellow,129.0,-0.9,-1.6 to -0.1,19.0,Red
109,BURLEY,609820,Ravenswood-Ridge,All Grades,2013,270.0,1.4,0.7 to 2.1,93.0,Green,269.0,0.6,0.1 to 1.1,76.0,Green
110,BURNHAM,609821,Lake Calumet,All Grades,2013,137.0,1.6,0.6 to 2.5,95.0,Green,137.0,1.8,1.1 to 2.4,96.0,Green
111,CASTELLANOS,609826,Pilsen-Little Village,All Grades,2013,526.0,0.3,-0.3 to 0.8,63.0,Yellow,524.0,-0.4,-0.7 to 0,34.0,Red
112,BURNSIDE,609827,Skyway,All Grades,2013,365.0,0.3,-0.4 to 0.9,63.0,Yellow,365.0,-0.8,-1.2 to -0.4,21.0,Red
113,BURR,609828,Fulton,All Grades,2013,113.0,-0.7,-1.7 to 0.3,19.0,Yellow,113.0,0.1,-0.6 to 0.9,59.0,Yellow
114,BURROUGHS,609829,Pershing,All Grades,2013,238.0,-1.2,-2 to -0.5,9.0,Red,240.0,-0.4,-0.9 to 0.1,35.0,Yellow
115,BRUNSON,609830,Austin-North Lawndale,All Grades,2013,288.0,-0.4,-1.1 to 0.3,30.0,Yellow,287.0,-0.5,-1 to 0,30.0,Red
116,BYRNE,609832,Midway,All Grades,2013,362.0,-1.3,-1.9 to -0.6,8.0,Red,362.0,0.0,-0.5 to 0.4,50.0,Yellow
117,CALDWELL,609833,Skyway,All Grades,2013,181.0,1.6,0.7 to 2.4,95.0,Green,181.0,0.0,-0.6 to 0.6,51.0,Yellow
118,LITTLE VILLAGE,609834,Pilsen-Little Village,All Grades,2013,399.0,-0.1,-0.7 to 0.5,42.0,Yellow,399.0,0.2,-0.2 to 0.6,61.0,Yellow
119,CAMERON,609835,Garfield-Humboldt,All Grades,2013,388.0,0.4,-0.3 to 1,69.0,Yellow,387.0,0.3,-0.1 to 0.7,65.0,Yellow
120,CANTY,609836,O'Hare,All Grades,2013,398.0,0.7,0.1 to 1.3,83.0,Green,398.0,1.8,1.4 to 2.2,97.0,Green
121,CARNEGIE,609837,Burnham Park,All Grades,2013,348.0,0.8,0.2 to 1.5,85.0,Green,347.0,-0.6,-1.1 to -0.2,26.0,Red
122,CARROLL,609839,Midway,All Grades,2013,298.0,0.4,-0.3 to 1.2,72.0,Yellow,301.0,0.0,-0.4 to 0.5,52.0,Yellow
123,CARSON,609842,Midway,All Grades,2013,609.0,-0.7,-1.2 to -0.2,19.0,Red,608.0,-0.6,-0.9 to -0.2,29.0,Red
124,CARTER,609844,Burnham Park,All Grades,2013,197.0,-0.2,-1.1 to 0.7,37.0,Yellow,199.0,-1.1,-1.7 to -0.5,12.0,Red
125,"CARVER , G",609845,Lake Calumet,All Grades,2013,230.0,0.0,-0.8 to 0.8,49.0,Yellow,231.0,-0.7,-1.3 to -0.2,22.0,Red
126,ALDRIDGE,609848,Lake Calumet,All Grades,2013,138.0,-0.9,-1.9 to 0.1,16.0,Yellow,133.0,-1.6,-2.3 to -0.9,5.0,Red
127,CASSELL,609849,Rock Island,All Grades,2013,163.0,-0.2,-1.1 to 0.7,37.0,Yellow,163.0,0.6,0 to 1.2,74.0,Yellow
128,GREELEY,609850,Ravenswood-Ridge,All Grades,2013,280.0,1.3,0.6 to 2,92.0,Green,280.0,0.9,0.4 to 1.3,84.0,Green
129,CHALMERS,609851,Austin-North Lawndale,All Grades,2013,157.0,1.0,0.1 to 2,90.0,Green,157.0,-0.1,-0.8 to 0.5,46.0,Yellow
130,CHAPPELL,609852,Ravenswood-Ridge,All Grades,2013,168.0,1.7,0.8 to 2.6,95.0,Green,168.0,1.3,0.7 to 1.9,91.0,Green
131,CHASE,609853,Fullerton,All Grades,2013,216.0,-0.7,-1.5 to 0.1,20.0,Yellow,217.0,0.1,-0.4 to 0.7,57.0,Yellow
132,CHOPIN,609854,Fulton,All Grades,2013,134.0,-6.7,-7.6 to -5.7,0.0,Red,135.0,-2.2,-2.9 to -1.6,2.0,Red
133,CHRISTOPHER,609855,Midway,All Grades,2013,83.0,0.2,-0.9 to 1.4,63.0,Yellow,83.0,0.8,0 to 1.6,82.0,Yellow
134,CLAY,609856,Lake Calumet,All Grades,2013,274.0,0.1,-0.7 to 0.8,53.0,Yellow,274.0,-0.3,-0.8 to 0.1,38.0,Yellow
135,CLEVELAND,609857,O'Hare,All Grades,2013,309.0,0.1,-0.6 to 0.8,56.0,Yellow,312.0,-0.6,-1 to -0.1,29.0,Red
136,CLINTON,609859,Ravenswood-Ridge,All Grades,2013,511.0,0.3,-0.3 to 0.8,64.0,Yellow,512.0,0.1,-0.2 to 0.5,58.0,Yellow
137,CLISSOLD,609861,Rock Island,All Grades,2013,279.0,-0.7,-1.4 to 0,19.0,Red,279.0,-0.1,-0.5 to 0.4,49.0,Yellow
138,COLES,609862,Skyway,All Grades,2013,283.0,-0.6,-1.3 to 0.2,23.0,Yellow,282.0,0.9,0.5 to 1.4,85.0,Green
139,COLUMBUS,609863,Fulton,All Grades,2013,112.0,0.7,-0.4 to 1.7,80.0,Yellow,112.0,1.4,0.7 to 2.1,92.0,Green
140,COOK,609864,Englewood-Gresham,All Grades,2013,226.0,0.4,-0.4 to 1.3,72.0,Yellow,225.0,0.6,0 to 1.1,74.0,Green
141,JORDAN,609865,Ravenswood-Ridge,All Grades,2013,316.0,0.3,-0.3 to 1,67.0,Yellow,314.0,-0.3,-0.7 to 0.2,39.0,Yellow
142,COONLEY,609866,Ravenswood-Ridge,All Grades,2013,212.0,1.1,0.4 to 1.9,90.0,Green,212.0,1.7,1.2 to 2.3,96.0,Green
143,COOPER,609867,Pilsen-Little Village,All Grades,2013,180.0,-0.2,-1 to 0.6,39.0,Yellow,178.0,0.1,-0.4 to 0.7,57.0,Yellow
144,LANGFORD,609869,Englewood-Gresham,All Grades,2013,142.0,-0.7,-1.7 to 0.3,20.0,Yellow,141.0,-0.7,-1.4 to 0,25.0,Yellow
145,CORKERY,609870,Pilsen-Little Village,All Grades,2013,283.0,0.4,-0.4 to 1.1,69.0,Yellow,285.0,0.7,0.2 to 1.2,79.0,Green
146,PEREZ,609872,Pilsen-Little Village,All Grades,2013,169.0,0.3,-0.6 to 1.2,64.0,Yellow,168.0,1.2,0.6 to 1.8,90.0,Green
147,CROWN,609873,Austin-North Lawndale,All Grades,2013,120.0,-0.9,-1.9 to 0.2,15.0,Yellow,119.0,-0.1,-0.8 to 0.7,49.0,Yellow
148,DIRKSEN,609874,O'Hare,All Grades,2013,330.0,0.7,0 to 1.3,82.0,Green,330.0,0.1,-0.4 to 0.5,53.0,Yellow
149,DARWIN,609875,Fullerton,All Grades,2013,248.0,1.0,0.2 to 1.7,89.0,Green,249.0,-0.5,-1 to 0,32.0,Yellow
150,"DAVIS, N",609876,Pershing,All Grades,2013,437.0,-0.2,-0.8 to 0.4,40.0,Yellow,434.0,0.4,0 to 0.8,70.0,Green
151,DAWES,609879,Midway,All Grades,2013,556.0,-0.1,-0.6 to 0.4,45.0,Yellow,557.0,-0.4,-0.8 to -0.1,34.0,Red
152,DECATUR,609880,Ravenswood-Ridge,All Grades,2013,145.0,2.7,1.8 to 3.6,100.0,Green,145.0,2.1,1.5 to 2.8,98.0,Green
153,DENEEN,609883,AUSL,All Grades,2013,215.0,-0.4,-1.3 to 0.4,28.0,Yellow,217.0,-0.3,-0.9 to 0.2,37.0,Yellow
154,DEVER,609884,O'Hare,All Grades,2013,426.0,-0.2,-0.8 to 0.4,38.0,Yellow,426.0,1.4,1 to 1.8,93.0,Green
155,DEWEY,609885,Pershing,All Grades,2013,125.0,-0.6,-1.6 to 0.4,22.0,Yellow,127.0,-1.9,-2.6 to -1.2,4.0,Red
156,DIXON,609887,Skyway,All Grades,2013,356.0,1.1,0.4 to 1.7,90.0,Green,354.0,1.7,1.3 to 2.2,96.0,Green
157,DODGE,609888,AUSL,All Grades,2013,228.0,-1.1,-1.9 to -0.3,12.0,Red,228.0,-1.9,-2.4 to -1.3,4.0,Red
158,DOOLITTLE,609891,Burnham Park,All Grades,2013,137.0,-0.1,-1.1 to 0.9,45.0,Yellow,137.0,0.3,-0.4 to 1,65.0,Yellow
159,DORE,609893,Midway,All Grades,2013,298.0,0.7,0 to 1.4,81.0,Yellow,298.0,0.8,0.3 to 1.2,81.0,Green
160,DRAKE,609894,Burnham Park,All Grades,2013,128.0,0.9,-0.1 to 1.9,87.0,Yellow,126.0,-0.3,-1 to 0.4,39.0,Yellow
161,TURNER-DREW,609895,Rock Island,All Grades,2013,229.0,-0.3,-1.1 to 0.5,33.0,Yellow,230.0,2.3,1.8 to 2.8,99.0,Green
162,DRUMMOND,609896,Fullerton,All Grades,2013,143.0,-0.4,-1.3 to 0.5,29.0,Yellow,143.0,-0.7,-1.3 to -0.1,23.0,Red
163,EARLE,609897,Englewood-Gresham,All Grades,2013,151.0,1.5,0.5 to 2.5,94.0,Green,151.0,1.6,1 to 2.3,95.0,Green
164,EBERHART,609898,Midway,All Grades,2013,850.0,0.0,-0.4 to 0.5,50.0,Yellow,850.0,0.5,0.2 to 0.8,71.0,Green
165,EBINGER,609899,O'Hare,All Grades,2013,298.0,0.3,-0.4 to 1,67.0,Yellow,298.0,-0.4,-0.9 to 0,33.0,Yellow
166,CURTIS,609900,AUSL,All Grades,2013,224.0,-0.1,-0.9 to 0.7,43.0,Yellow,226.0,-0.2,-0.7 to 0.3,43.0,Yellow
167,EDGEBROOK,609901,O'Hare,All Grades,2013,257.0,-0.3,-1.1 to 0.4,33.0,Yellow,257.0,-0.6,-1 to -0.1,29.0,Red
168,METCALFE,609902,Lake Calumet,All Grades,2013,229.0,-0.6,-1.4 to 0.2,22.0,Yellow,228.0,-0.1,-0.6 to 0.5,48.0,Yellow
169,EDWARDS,609903,Midway,All Grades,2013,673.0,-0.7,-1.2 to -0.2,19.0,Red,670.0,-0.9,-1.3 to -0.6,17.0,Red
170,ELLINGTON,609904,Austin-North Lawndale,All Grades,2013,137.0,1.5,0.5 to 2.5,94.0,Green,139.0,-0.8,-1.5 to -0.1,20.0,Red
171,ERICSON,609907,Garfield-Humboldt,All Grades,2013,233.0,-0.3,-1.1 to 0.5,35.0,Yellow,233.0,1.5,0.9 to 2,93.0,Green
172,ESMOND,609908,Rock Island,All Grades,2013,169.0,2.1,1.2 to 3,99.0,Green,169.0,0.7,0 to 1.3,77.0,Green
173,EVERETT,609909,Pershing,All Grades,2013,58.0,0.5,-0.7 to 1.7,75.0,Yellow,57.0,-1.4,-2.4 to -0.5,7.0,Red
174,FALCONER,609910,Fullerton,All Grades,2013,556.0,1.5,1 to 2,94.0,Green,556.0,1.1,0.8 to 1.5,89.0,Green
175,FARNSWORTH,609912,O'Hare,All Grades,2013,249.0,0.6,-0.2 to 1.3,78.0,Yellow,248.0,0.0,-0.5 to 0.5,51.0,Yellow
176,FERNWOOD,609917,Rock Island,All Grades,2013,168.0,0.4,-0.5 to 1.3,71.0,Yellow,169.0,1.1,0.5 to 1.7,88.0,Green
177,FIELD,609918,Ravenswood-Ridge,All Grades,2013,338.0,0.5,-0.2 to 1.2,74.0,Yellow,338.0,-0.2,-0.6 to 0.2,43.0,Yellow
178,FISKE,609919,Burnham Park,All Grades,2013,104.0,-1.1,-2.2 to 0,12.0,Yellow,105.0,-0.6,-1.4 to 0.2,28.0,Yellow
179,KANOON,609920,Pilsen-Little Village,All Grades,2013,353.0,0.2,-0.4 to 0.9,62.0,Yellow,352.0,0.4,0 to 0.9,71.0,Green
180,TELPOCHCALLI,609921,Pilsen-Little Village,All Grades,2013,135.0,1.3,0.3 to 2.2,92.0,Green,135.0,0.3,-0.3 to 1,66.0,Yellow
181,BELMONT-CRAGIN,609922,Fullerton,All Grades,2013,117.0,0.3,-0.7 to 1.3,67.0,Yellow,117.0,0.1,-0.6 to 0.8,55.0,Yellow
182,FORT DEARBORN,609924,Rock Island,All Grades,2013,239.0,-0.9,-1.7 to -0.1,14.0,Red,236.0,-0.3,-0.8 to 0.2,39.0,Yellow
183,KELLMAN,609925,Garfield-Humboldt,All Grades,2013,133.0,-1.7,-2.6 to -0.7,3.0,Red,133.0,-0.5,-1.2 to 0.1,30.0,Yellow
184,FRANKLIN,609926,Fullerton,All Grades,2013,240.0,0.8,0.1 to 1.6,87.0,Green,240.0,0.6,0.1 to 1.1,74.0,Green
185,FOSTER PARK,609927,Englewood-Gresham,All Grades,2013,168.0,0.4,-0.5 to 1.3,70.0,Yellow,169.0,0.3,-0.3 to 0.9,67.0,Yellow
186,FULLER,609928,AUSL,All Grades,2013,127.0,0.6,-0.4 to 1.6,78.0,Yellow,126.0,2.0,1.2 to 2.7,98.0,Green
187,FULTON,609929,Pershing,All Grades,2013,198.0,0.4,-0.4 to 1.3,72.0,Yellow,198.0,1.4,0.8 to 2,92.0,Green
188,FUNSTON,609930,Fullerton,All Grades,2013,283.0,0.0,-0.8 to 0.7,48.0,Yellow,283.0,-1.3,-1.8 to -0.8,9.0,Red
189,GALE,609933,Ravenswood-Ridge,All Grades,2013,187.0,0.4,-0.9 to 1.8,71.0,Yellow,188.0,0.8,0.2 to 1.4,83.0,Green
190,GALLISTEL,609935,Lake Calumet,All Grades,2013,657.0,-0.5,-1 to 0,25.0,Red,658.0,-1.1,-1.4 to -0.8,12.0,Red
191,GARVY,609937,O'Hare,All Grades,2013,387.0,0.7,0.1 to 1.3,81.0,Green,387.0,0.1,-0.3 to 0.5,53.0,Yellow
192,GARY,609938,Pilsen-Little Village,All Grades,2013,845.0,0.5,0.1 to 1,76.0,Green,847.0,0.8,0.5 to 1.1,83.0,Green
193,GILLESPIE,609939,Rock Island,All Grades,2013,269.0,0.1,-0.6 to 0.9,56.0,Yellow,266.0,1.1,0.6 to 1.6,88.0,Green
194,RANDOLPH,609941,Englewood-Gresham,All Grades,2013,243.0,-1.8,-2.6 to -1,2.0,Red,239.0,-1.2,-1.8 to -0.7,10.0,Red
195,GOETHE,609942,Fullerton,All Grades,2013,315.0,0.7,0 to 1.4,83.0,Green,313.0,0.6,0.2 to 1.1,76.0,Green
196,GOMPERS,609943,Lake Calumet,All Grades,2013,233.0,0.1,-0.7 to 0.9,55.0,Yellow,232.0,0.5,-0.1 to 1,71.0,Yellow
197,GRISSOM,609944,Lake Calumet,All Grades,2013,150.0,-0.6,-1.5 to 0.3,23.0,Yellow,142.0,-0.1,-0.8 to 0.5,47.0,Yellow
198,GOUDY,609945,Ravenswood-Ridge,All Grades,2013,380.0,0.6,0 to 1.2,78.0,Yellow,380.0,0.7,0.3 to 1.1,78.0,Green
199,GRAHAM,609947,Pershing,All Grades,2013,212.0,0.0,-0.8 to 0.9,53.0,Yellow,212.0,0.2,-0.4 to 0.7,61.0,Yellow
200,"GRAY, W",609949,O'Hare,All Grades,2013,642.0,0.1,-0.4 to 0.6,54.0,Yellow,638.0,0.2,-0.1 to 0.5,62.0,Yellow
201,ARIEL,609951,Burnham Park,All Grades,2013,273.0,1.7,1 to 2.4,96.0,Green,273.0,1.7,1.2 to 2.2,96.0,Green
202,GREENE,609952,Pershing,All Grades,2013,193.0,0.3,-0.4 to 1.1,67.0,Yellow,193.0,-0.9,-1.5 to -0.4,18.0,Red
203,GREGORY,609954,Garfield-Humboldt,All Grades,2013,159.0,1.7,0.8 to 2.7,97.0,Green,158.0,0.7,0.1 to 1.4,80.0,Green
204,GRESHAM,609955,Englewood-Gresham,All Grades,2013,162.0,-1.2,-2.3 to -0.2,9.0,Red,161.0,-1.2,-1.9 to -0.5,11.0,Red
205,GRIMES,609956,Midway,All Grades,2013,235.0,0.0,-0.8 to 0.8,49.0,Yellow,234.0,-0.3,-0.8 to 0.2,40.0,Yellow
206,GUNSAULUS,609958,Pershing,All Grades,2013,392.0,-0.3,-0.9 to 0.3,36.0,Yellow,390.0,0.9,0.5 to 1.3,84.0,Green
207,HAINES,609959,Pershing,All Grades,2013,316.0,-0.5,-1.2 to 0.2,26.0,Yellow,316.0,0.5,0 to 0.9,71.0,Yellow
208,HALE,609960,Midway,All Grades,2013,457.0,0.0,-0.5 to 0.6,52.0,Yellow,461.0,0.1,-0.3 to 0.5,58.0,Yellow
209,HEROES,609961,Skyway,All Grades,2013,237.0,-0.2,-1 to 0.6,39.0,Yellow,237.0,-0.7,-1.2 to -0.2,22.0,Red
210,HAMILTON,609963,Ravenswood-Ridge,All Grades,2013,96.0,0.0,-1 to 1.1,53.0,Yellow,96.0,-0.2,-1 to 0.5,42.0,Yellow
211,HAMLINE,609964,Pershing,All Grades,2013,257.0,-0.5,-1.3 to 0.2,24.0,Yellow,256.0,-0.8,-1.2 to -0.3,21.0,Red
212,HAMMOND,609966,Pilsen-Little Village,All Grades,2013,204.0,1.1,0.3 to 1.9,91.0,Green,203.0,-0.2,-0.7 to 0.4,44.0,Yellow
213,FINKL,609967,Pilsen-Little Village,All Grades,2013,273.0,-0.1,-0.9 to 0.6,42.0,Yellow,271.0,-1.0,-1.5 to -0.5,15.0,Red
214,MCAULIFFE,609968,Fullerton,All Grades,2013,269.0,-0.8,-1.5 to -0.1,18.0,Red,269.0,-0.2,-0.7 to 0.3,44.0,Yellow
215,HARTE,609969,Burnham Park,All Grades,2013,119.0,1.1,0.1 to 2,90.0,Green,123.0,0.1,-0.6 to 0.7,54.0,Yellow
216,HARVARD,609971,AUSL,All Grades,2013,227.0,-0.4,-1.2 to 0.5,32.0,Yellow,228.0,0.2,-0.4 to 0.8,61.0,Yellow
217,HAUGAN,609972,O'Hare,All Grades,2013,404.0,1.2,0.7 to 1.8,92.0,Green,402.0,0.8,0.4 to 1.1,80.0,Green
218,ZAPATA,609973,Pilsen-Little Village,All Grades,2013,451.0,-0.1,-0.6 to 0.5,46.0,Yellow,449.0,-1.0,-1.4 to -0.6,14.0,Red
219,HAWTHORNE,609974,Ravenswood-Ridge,All Grades,2013,313.0,0.4,-0.2 to 1.1,72.0,Yellow,312.0,1.3,0.8 to 1.7,91.0,Green
220,HAY,609975,Austin-North Lawndale,All Grades,2013,290.0,-1.2,-1.9 to -0.4,10.0,Red,291.0,-1.0,-1.5 to -0.6,13.0,Red
221,HAYT,609976,Ravenswood-Ridge,All Grades,2013,433.0,0.8,0.2 to 1.4,85.0,Green,431.0,0.8,0.4 to 1.2,81.0,Green
222,WOODLAWN,609977,Burnham Park,All Grades,2013,100.0,0.4,-0.7 to 1.4,69.0,Yellow,102.0,-0.3,-1 to 0.4,40.0,Yellow
223,SMITH,609978,Lake Calumet,All Grades,2013,150.0,1.4,0.5 to 2.3,93.0,Green,151.0,-0.1,-0.7 to 0.6,50.0,Yellow
224,HEALY,609979,Pershing,All Grades,2013,653.0,0.4,-0.1 to 0.9,71.0,Yellow,651.0,0.8,0.5 to 1.2,83.0,Green
225,HEARST,609981,Midway,All Grades,2013,118.0,1.7,0.7 to 2.7,95.0,Green,117.0,1.7,1 to 2.5,96.0,Green
226,HEDGES,609983,Pershing,All Grades,2013,385.0,0.1,-0.5 to 0.7,56.0,Yellow,384.0,-0.4,-0.9 to 0,32.0,Red
227,HEFFERAN,609985,Garfield-Humboldt,All Grades,2013,115.0,2.0,0.9 to 3,98.0,Green,115.0,1.8,1 to 2.6,97.0,Green
228,HENDERSON,609986,Englewood-Gresham,All Grades,2013,174.0,0.3,-0.6 to 1.2,64.0,Yellow,175.0,0.2,-0.4 to 0.8,63.0,Yellow
229,HENDRICKS,609987,Pershing,All Grades,2013,134.0,0.8,-0.2 to 1.8,85.0,Yellow,136.0,0.9,0.2 to 1.6,84.0,Green
230,HENRY,609988,O'Hare,All Grades,2013,217.0,0.4,-0.3 to 1.2,71.0,Yellow,217.0,0.7,0.1 to 1.2,77.0,Green
231,SOUTH LOOP,609990,Burnham Park,All Grades,2013,336.0,0.1,-0.5 to 0.8,57.0,Yellow,336.0,1.1,0.6 to 1.5,88.0,Green
232,HERZL,609991,AUSL,All Grades,2013,187.0,-1.2,-2.1 to -0.4,8.0,Red,185.0,1.0,0.4 to 1.6,86.0,Green
233,LARA,609993,Pershing,All Grades,2013,254.0,0.0,-0.8 to 0.8,48.0,Yellow,256.0,0.6,0.1 to 1.1,75.0,Green
234,HIBBARD,609994,O'Hare,All Grades,2013,426.0,0.0,-0.5 to 0.6,51.0,Yellow,425.0,-0.1,-0.5 to 0.2,45.0,Yellow
235,HITCH,609995,O'Hare,All Grades,2013,265.0,-0.6,-1.3 to 0.1,22.0,Yellow,266.0,-0.2,-0.6 to 0.3,44.0,Yellow
236,HOLDEN,609996,Pershing,All Grades,2013,288.0,0.1,-0.6 to 0.8,55.0,Yellow,287.0,0.3,-0.2 to 0.8,65.0,Yellow
237,HOLMES,609997,Englewood-Gresham,All Grades,2013,141.0,-0.1,-1.1 to 0.9,45.0,Yellow,141.0,-0.7,-1.4 to 0.1,25.0,Yellow
238,HOWE,610000,AUSL,All Grades,2013,298.0,-1.1,-1.8 to -0.4,11.0,Red,297.0,0.0,-0.5 to 0.5,51.0,Yellow
239,HOYNE,610002,Skyway,All Grades,2013,162.0,-0.1,-1 to 0.8,43.0,Yellow,162.0,-0.4,-1 to 0.2,34.0,Yellow
240,CUFFE,610003,Englewood-Gresham,All Grades,2013,238.0,-0.9,-1.7 to 0,15.0,Red,239.0,-0.6,-1.1 to -0.1,27.0,Red
241,CULLEN,610004,Rock Island,All Grades,2013,130.0,0.5,-0.5 to 1.5,76.0,Yellow,130.0,-1.7,-2.4 to -1,5.0,Red
242,"HUGHES, C",610005,Austin-North Lawndale,All Grades,2013,122.0,-1.8,-2.9 to -0.8,2.0,Red,124.0,-1.7,-2.4 to -1,5.0,Red
243,HURLEY,610006,Midway,All Grades,2013,407.0,0.1,-0.5 to 0.7,54.0,Yellow,407.0,-0.1,-0.5 to 0.3,45.0,Yellow
244,GALILEO,610009,Fulton,All Grades,2013,291.0,0.2,-0.5 to 0.8,58.0,Yellow,291.0,1.6,1.1 to 2,94.0,Green
245,JAHN,610010,Ravenswood-Ridge,All Grades,2013,220.0,-0.6,-1.4 to 0.2,22.0,Yellow,220.0,-1.3,-1.8 to -0.8,9.0,Red
246,JAMIESON,610011,Ravenswood-Ridge,All Grades,2013,397.0,-0.2,-0.9 to 0.4,36.0,Yellow,397.0,-1.0,-1.4 to -0.6,16.0,Red
247,JENNER,610012,Fullerton,All Grades,2013,138.0,-0.5,-1.5 to 0.5,27.0,Yellow,139.0,-1.6,-2.2 to -0.9,6.0,Red
248,PILSEN,610013,Pilsen-Little Village,All Grades,2013,208.0,0.0,-0.8 to 0.8,50.0,Yellow,208.0,0.4,-0.2 to 0.9,68.0,Yellow
249,JUNGMAN,610015,Pilsen-Little Village,All Grades,2013,123.0,0.0,-1 to 1,49.0,Yellow,122.0,-0.1,-0.8 to 0.6,48.0,Yellow
250,KELLOGG,610016,Rock Island,All Grades,2013,143.0,0.3,-0.6 to 1.2,65.0,Yellow,144.0,0.1,-0.6 to 0.7,54.0,Yellow
251,SAUCEDO,610017,Pilsen-Little Village,All Grades,2013,620.0,-0.1,-0.6 to 0.4,43.0,Yellow,622.0,1.3,1 to 1.6,91.0,Green
252,KERSHAW,610019,Englewood-Gresham,All Grades,2013,125.0,-0.1,-1 to 0.9,47.0,Yellow,124.0,-0.3,-1 to 0.4,39.0,Yellow
253,CASALS,610021,AUSL,All Grades,2013,223.0,0.2,-0.6 to 1,61.0,Yellow,222.0,0.9,0.4 to 1.5,86.0,Green
254,KILMER,610022,Ravenswood-Ridge,All Grades,2013,342.0,-0.3,-1 to 0.3,33.0,Yellow,343.0,-1.0,-1.4 to -0.5,16.0,Red
255,KINZIE,610026,Midway,All Grades,2013,342.0,-0.4,-1.1 to 0.2,29.0,Yellow,342.0,0.0,-0.4 to 0.5,52.0,Yellow
256,KIPLING,610027,Rock Island,All Grades,2013,227.0,0.6,-0.1 to 1.4,79.0,Yellow,227.0,-0.8,-1.3 to -0.3,21.0,Red
257,LOZANO,610029,Fulton,All Grades,2013,129.0,-0.1,-1.1 to 0.9,44.0,Yellow,128.0,0.1,-0.6 to 0.7,54.0,Yellow
258,KOZMINSKI,610030,Burnham Park,All Grades,2013,175.0,-0.2,-1.1 to 0.7,37.0,Yellow,174.0,-0.4,-1 to 0.2,33.0,Yellow
259,GREEN,610032,Rock Island,All Grades,2013,144.0,1.6,0.6 to 2.5,95.0,Green,149.0,0.8,0.1 to 1.5,82.0,Green
260,LASALLE,610033,Fullerton,All Grades,2013,304.0,0.2,-0.4 to 0.9,62.0,Yellow,304.0,0.9,0.5 to 1.4,85.0,Green
261,LAWNDALE,610034,Austin-North Lawndale,All Grades,2013,227.0,-1.3,-2.1 to -0.5,8.0,Red,229.0,-2.0,-2.6 to -1.5,3.0,Red
262,LEWIS,610036,Austin-North Lawndale,All Grades,2013,259.0,0.3,-0.5 to 1,65.0,Yellow,261.0,0.0,-0.5 to 0.5,52.0,Yellow
263,LIBBY,610037,Pershing,All Grades,2013,254.0,0.2,-0.5 to 1,62.0,Yellow,252.0,-0.3,-0.8 to 0.2,39.0,Yellow
264,LINCOLN,610038,Fullerton,All Grades,2013,403.0,0.2,-0.5 to 0.8,59.0,Yellow,403.0,1.5,1.1 to 1.9,93.0,Green
265,VON LINNE,610039,Fullerton,All Grades,2013,324.0,0.2,-0.5 to 0.9,60.0,Yellow,323.0,-0.1,-0.5 to 0.3,48.0,Yellow
266,LLOYD,610040,Fullerton,All Grades,2013,321.0,-0.2,-0.8 to 0.4,41.0,Yellow,322.0,-0.3,-0.7 to 0.1,40.0,Yellow
267,"LOCKE, J",610041,Fullerton,All Grades,2013,625.0,-0.5,-1 to 0,24.0,Red,622.0,0.1,-0.2 to 0.4,55.0,Yellow
268,LOVETT,610043,Austin-North Lawndale,All Grades,2013,247.0,-0.1,-0.9 to 0.6,42.0,Yellow,248.0,-0.3,-0.8 to 0.2,38.0,Yellow
269,LOWELL,610044,Garfield-Humboldt,All Grades,2013,244.0,0.2,-0.6 to 1,60.0,Yellow,245.0,0.4,-0.1 to 0.9,69.0,Yellow
270,LYON,610046,Fullerton,All Grades,2013,729.0,0.1,-0.4 to 0.5,54.0,Yellow,730.0,1.6,1.3 to 1.9,95.0,Green
271,MADISON,610047,Skyway,All Grades,2013,116.0,1.8,0.8 to 2.9,97.0,Green,119.0,0.3,-0.4 to 1.1,66.0,Yellow
272,MANIERRE,610048,Fullerton,All Grades,2013,139.0,-1.4,-2.3 to -0.4,7.0,Red,140.0,-0.1,-0.8 to 0.6,47.0,Yellow
273,NORTHWEST,610051,Fullerton,All Grades,2013,645.0,-1.4,-1.9 to -0.9,6.0,Red,647.0,-0.1,-0.5 to 0.2,46.0,Yellow
274,MANN,610052,Skyway,All Grades,2013,219.0,0.7,-0.1 to 1.6,84.0,Yellow,219.0,-0.1,-0.7 to 0.5,47.0,Yellow
275,MARQUETTE,610053,AUSL,All Grades,2013,609.0,1.8,1.2 to 2.3,97.0,Green,606.0,0.4,0.1 to 0.8,70.0,Green
276,MARSH,610054,Lake Calumet,All Grades,2013,408.0,0.2,-0.4 to 0.8,59.0,Yellow,408.0,-0.5,-0.9 to -0.1,30.0,Red
277,FARADAY,610055,Garfield-Humboldt,All Grades,2013,111.0,1.7,0.6 to 2.8,95.0,Green,111.0,2.4,1.6 to 3.2,99.0,Green
278,MASON,610056,Austin-North Lawndale,All Grades,2013,222.0,0.3,-0.5 to 1.1,65.0,Yellow,222.0,-0.4,-0.9 to 0.2,37.0,Yellow
279,FAIRFIELD,610057,Midway,All Grades,2013,294.0,-1.0,-1.7 to -0.3,13.0,Red,298.0,-1.1,-1.5 to -0.6,13.0,Red
280,MAYER,610059,Fullerton,All Grades,2013,184.0,0.5,-0.3 to 1.4,75.0,Yellow,184.0,0.2,-0.4 to 0.8,61.0,Yellow
281,"JACKSON, A",610060,Fulton,All Grades,2013,311.0,0.2,-0.4 to 0.9,62.0,Yellow,313.0,0.5,0 to 0.9,72.0,Green
282,MCCLELLAN,610062,Pershing,All Grades,2013,109.0,-0.8,-1.8 to 0.2,18.0,Yellow,109.0,0.1,-0.6 to 0.8,56.0,Yellow
283,MCCORMICK,610063,Pilsen-Little Village,All Grades,2013,228.0,-0.1,-0.8 to 0.5,42.0,Yellow,228.0,0.1,-0.4 to 0.6,58.0,Yellow
284,TILL,610065,Burnham Park,All Grades,2013,242.0,-0.1,-0.9 to 0.8,47.0,Yellow,241.0,-0.2,-0.7 to 0.4,43.0,Yellow
285,MCDADE,610066,Skyway,All Grades,2013,84.0,0.8,-0.3 to 1.9,86.0,Yellow,85.0,1.6,0.8 to 2.4,94.0,Green
286,MCKAY,610067,Midway,All Grades,2013,362.0,0.5,-0.1 to 1.2,75.0,Yellow,359.0,1.1,0.6 to 1.5,87.0,Green
287,HANSON PARK,610068,Fullerton,All Grades,2013,612.0,-0.1,-0.6 to 0.4,47.0,Yellow,610.0,0.1,-0.3 to 0.4,54.0,Yellow
288,MCPHERSON,610070,Ravenswood-Ridge,All Grades,2013,298.0,-0.6,-1.3 to 0.1,23.0,Yellow,299.0,0.1,-0.4 to 0.5,55.0,Yellow
289,MITCHELL,610073,Fulton,All Grades,2013,153.0,-1.5,-2.4 to -0.6,6.0,Red,153.0,-0.3,-1 to 0.3,37.0,Yellow
290,MONROE,610074,Fullerton,All Grades,2013,555.0,-0.5,-1.1 to 0,24.0,Red,559.0,-0.7,-1 to -0.3,24.0,Red
291,MONTEFIORE,610075,Fulton,All Grades,2013,23.0,0.6,-1.1 to 2.3,79.0,Yellow,23.0,0.2,-1.2 to 1.6,60.0,Yellow
292,MOOS,610076,Fulton,All Grades,2013,198.0,0.0,-0.9 to 0.8,48.0,Yellow,195.0,1.8,1.2 to 2.4,97.0,Green
293,MORRILL,610077,Midway,All Grades,2013,409.0,-0.6,-1.2 to 0.1,23.0,Yellow,405.0,-0.2,-0.6 to 0.2,43.0,Yellow
294,INTER-AMERICAN,610078,Ravenswood-Ridge,All Grades,2013,315.0,0.9,0.3 to 1.6,88.0,Green,315.0,0.8,0.3 to 1.2,81.0,Green
295,SHERIDAN,610081,Pershing,All Grades,2013,290.0,0.8,0.1 to 1.5,85.0,Green,290.0,1.3,0.8 to 1.7,91.0,Green
296,MOUNT GREENWOOD,610082,Rock Island,All Grades,2013,450.0,-0.7,-1.3 to -0.1,20.0,Red,449.0,0.2,-0.2 to 0.6,62.0,Yellow
297,KELLER,610084,Rock Island,All Grades,2013,146.0,0.7,-0.2 to 1.6,81.0,Yellow,145.0,0.9,0.2 to 1.5,84.0,Green
298,MOUNT VERNON,610086,Rock Island,All Grades,2013,108.0,-0.2,-1.3 to 0.9,39.0,Yellow,108.0,-0.6,-1.3 to 0.2,27.0,Yellow
299,MOZART,610088,Fullerton,All Grades,2013,314.0,-0.1,-0.8 to 0.5,41.0,Yellow,314.0,-0.8,-1.2 to -0.3,21.0,Red
300,MURPHY,610089,O'Hare,All Grades,2013,279.0,-0.3,-1 to 0.4,34.0,Yellow,279.0,-0.7,-1.2 to -0.2,24.0,Red
301,MURRAY,610090,Burnham Park,All Grades,2013,274.0,-0.5,-1.2 to 0.2,26.0,Yellow,274.0,-0.7,-1.2 to -0.2,23.0,Red
302,"BROWN, R",610091,Lake Calumet,All Grades,2013,126.0,1.2,0.2 to 2.2,91.0,Green,122.0,-0.4,-1.1 to 0.3,33.0,Yellow
303,NASH,610092,Austin-North Lawndale,All Grades,2013,203.0,-1.3,-2.1 to -0.4,8.0,Red,202.0,-0.7,-1.3 to -0.1,22.0,Red
304,NEIL,610093,Skyway,All Grades,2013,134.0,-0.6,-1.6 to 0.3,22.0,Yellow,134.0,0.1,-0.5 to 0.8,58.0,Yellow
305,NETTELHORST,610094,Ravenswood-Ridge,All Grades,2013,269.0,1.3,0.6 to 2,92.0,Green,270.0,-0.4,-0.8 to 0.1,36.0,Yellow
306,NEWBERRY,610095,Fullerton,All Grades,2013,278.0,0.7,0 to 1.4,82.0,Yellow,280.0,1.1,0.7 to 1.6,89.0,Green
307,NIGHTINGALE,610096,Midway,All Grades,2013,628.0,0.7,0.2 to 1.2,80.0,Green,629.0,0.1,-0.2 to 0.5,59.0,Yellow
308,NIXON,610097,Fullerton,All Grades,2013,380.0,-0.3,-0.9 to 0.3,35.0,Yellow,381.0,0.1,-0.3 to 0.5,57.0,Yellow
309,NOBEL,610098,Garfield-Humboldt,All Grades,2013,384.0,1.5,0.9 to 2.2,94.0,Green,385.0,1.2,0.8 to 1.6,90.0,Green
310,NORWOOD PARK,610099,O'Hare,All Grades,2013,158.0,1.7,0.8 to 2.6,96.0,Green,158.0,-0.1,-0.7 to 0.5,46.0,Yellow
311,WEST PARK,610100,Garfield-Humboldt,All Grades,2013,323.0,-0.2,-0.9 to 0.5,38.0,Yellow,318.0,0.4,-0.1 to 0.9,68.0,Yellow
312,OGDEN,610101,North-Northwest Side,All Grades,2013,153.0,1.2,0.4 to 2,91.0,Green,153.0,1.9,1.3 to 2.5,97.0,Green
313,OGLESBY,610102,Englewood-Gresham,All Grades,2013,177.0,0.7,-0.2 to 1.6,84.0,Yellow,174.0,-0.4,-1 to 0.2,35.0,Yellow
314,O'KEEFFE,610103,Skyway,All Grades,2013,245.0,4.8,4 to 5.6,100.0,Green,245.0,2.7,2.1 to 3.2,99.0,Green
315,ONAHAN,610104,O'Hare,All Grades,2013,315.0,-0.8,-1.4 to -0.1,18.0,Red,315.0,-0.3,-0.7 to 0.2,41.0,Yellow
316,ORIOLE PARK,610105,O'Hare,All Grades,2013,292.0,0.5,-0.2 to 1.2,73.0,Yellow,292.0,0.5,0 to 1,72.0,Green
317,PICCOLO,610106,AUSL,All Grades,2013,265.0,1.7,1 to 2.5,96.0,Green,261.0,1.1,0.4 to 1.8,89.0,Green
318,OTIS,610107,Fulton,All Grades,2013,209.0,-0.8,-1.6 to 0.1,17.0,Yellow,207.0,-0.8,-1.4 to -0.3,20.0,Red
319,O'TOOLE,610108,Englewood-Gresham,All Grades,2013,221.0,-0.6,-1.5 to 0.2,21.0,Yellow,223.0,-0.4,-1 to 0.2,34.0,Yellow
320,OWEN,610109,Midway,All Grades,2013,130.0,1.4,0.4 to 2.3,93.0,Green,130.0,0.3,-0.4 to 0.9,64.0,Yellow
321,"WELLS, I",610110,Burnham Park,All Grades,2013,114.0,1.8,0.7 to 2.9,98.0,Green,115.0,0.6,-0.2 to 1.4,75.0,Yellow
322,PALMER,610111,O'Hare,All Grades,2013,448.0,0.4,-0.2 to 1,70.0,Yellow,448.0,0.2,-0.2 to 0.6,62.0,Yellow
323,PARKER,610112,Englewood-Gresham,All Grades,2013,357.0,-0.2,-0.9 to 0.4,37.0,Yellow,364.0,-2.0,-2.4 to -1.5,3.0,Red
324,PARK MANOR,610115,Skyway,All Grades,2013,146.0,0.4,-0.5 to 1.4,73.0,Yellow,148.0,0.4,-0.2 to 1.1,71.0,Yellow
325,PARKSIDE,610116,Skyway,All Grades,2013,130.0,-0.9,-1.9 to 0.1,15.0,Yellow,129.0,-0.4,-1.1 to 0.3,33.0,Yellow
326,PASTEUR,610117,Midway,All Grades,2013,614.0,0.1,-0.4 to 0.6,57.0,Yellow,584.0,-0.9,-1.2 to -0.5,19.0,Red
327,PECK,610120,Midway,All Grades,2013,689.0,0.0,-0.4 to 0.5,51.0,Yellow,687.0,0.3,0 to 0.6,65.0,Yellow
328,IRVING,610121,Fulton,All Grades,2013,227.0,1.2,0.4 to 2,91.0,Green,227.0,0.2,-0.3 to 0.7,62.0,Yellow
329,PEIRCE,610122,Ravenswood-Ridge,All Grades,2013,412.0,0.5,-0.1 to 1.1,75.0,Yellow,412.0,0.5,0.1 to 0.9,71.0,Green
330,PENN,610123,Austin-North Lawndale,All Grades,2013,153.0,0.4,-0.6 to 1.3,68.0,Yellow,150.0,-0.4,-1.1 to 0.2,32.0,Yellow
331,"WASHINGTON, H",610124,Skyway,All Grades,2013,289.0,-1.2,-1.9 to -0.5,9.0,Red,288.0,-1.1,-1.6 to -0.6,12.0,Red
332,RUIZ,610125,Pilsen-Little Village,All Grades,2013,448.0,0.1,-0.5 to 0.7,55.0,Yellow,449.0,0.3,-0.1 to 0.6,64.0,Yellow
333,PETERSON,610127,O'Hare,All Grades,2013,406.0,0.4,-0.2 to 1.1,73.0,Yellow,409.0,0.2,-0.2 to 0.5,59.0,Yellow
334,GARVEY,610128,Rock Island,All Grades,2013,145.0,-0.1,-1.1 to 0.8,44.0,Yellow,145.0,-1.0,-1.6 to -0.3,15.0,Red
335,PICKARD,610129,Pilsen-Little Village,All Grades,2013,297.0,-1.4,-2.1 to -0.7,7.0,Red,278.0,0.6,0.2 to 1.1,76.0,Green
336,PIRIE,610130,Skyway,All Grades,2013,128.0,-0.1,-1.1 to 0.9,44.0,Yellow,128.0,-1.6,-2.4 to -0.9,5.0,Red
337,PLAMONDON,610131,Austin-North Lawndale,All Grades,2013,102.0,-1.6,-2.7 to -0.5,4.0,Red,102.0,0.2,-0.5 to 1,63.0,Yellow
338,POE,610132,Lake Calumet,All Grades,2013,82.0,-1.2,-2.3 to -0.1,10.0,Red,82.0,0.6,-0.2 to 1.4,76.0,Yellow
339,"WARD, L",610133,Garfield-Humboldt,All Grades,2013,199.0,-0.1,-0.9 to 0.8,45.0,Yellow,196.0,3.3,2.7 to 4,100.0,Green
340,PORTAGE PARK,610135,O'Hare,All Grades,2013,497.0,0.8,0.3 to 1.4,86.0,Green,497.0,-0.3,-0.7 to 0,38.0,Yellow
341,PRESCOTT,610136,Fullerton,All Grades,2013,74.0,0.8,-0.4 to 2,86.0,Yellow,74.0,1.6,0.7 to 2.4,94.0,Green
342,PRUSSING,610137,O'Hare,All Grades,2013,312.0,0.7,0 to 1.4,83.0,Green,315.0,2.3,1.8 to 2.7,99.0,Green
343,PULASKI,610138,Fullerton,All Grades,2013,417.0,1.1,0.5 to 1.7,91.0,Green,417.0,1.4,1 to 1.7,92.0,Green
344,PULLMAN,610139,Lake Calumet,All Grades,2013,78.0,-1.1,-2.3 to 0.1,11.0,Yellow,78.0,1.9,1 to 2.7,97.0,Green
345,RAVENSWOOD,610141,Ravenswood-Ridge,All Grades,2013,173.0,-0.8,-1.6 to 0.1,17.0,Yellow,173.0,0.1,-0.5 to 0.7,56.0,Yellow
346,RAY,610142,Burnham Park,All Grades,2013,220.0,-1.0,-1.8 to -0.3,12.0,Red,219.0,-0.7,-1.2 to -0.2,24.0,Red
347,REAVIS,610143,Burnham Park,All Grades,2013,128.0,0.9,-0.1 to 1.9,88.0,Yellow,126.0,-0.9,-1.6 to -0.3,17.0,Red
348,REILLY,610144,Fullerton,All Grades,2013,549.0,-0.1,-0.7 to 0.4,44.0,Yellow,548.0,0.0,-0.3 to 0.3,51.0,Yellow
349,REINBERG,610145,O'Hare,All Grades,2013,404.0,0.7,0.1 to 1.3,80.0,Green,406.0,-0.4,-0.8 to 0,33.0,Red
350,REVERE,610146,Skyway,All Grades,2013,150.0,-0.8,-2.1 to 0.6,17.0,Yellow,146.0,-1.4,-2.1 to -0.7,8.0,Red
351,ROGERS,610147,Ravenswood-Ridge,All Grades,2013,329.0,1.0,0.3 to 1.6,89.0,Green,328.0,2.2,1.8 to 2.6,98.0,Green
352,CHAVEZ,610148,Pershing,All Grades,2013,418.0,-0.4,-1 to 0.3,31.0,Yellow,420.0,0.5,0.1 to 0.9,72.0,Green
353,RUGGLES,610152,Skyway,All Grades,2013,199.0,0.3,-0.5 to 1.2,66.0,Yellow,200.0,-0.6,-1.1 to 0,29.0,Yellow
354,RYDER,610153,Englewood-Gresham,All Grades,2013,121.0,-0.8,-1.9 to 0.2,17.0,Yellow,121.0,0.1,-0.6 to 0.8,56.0,Yellow
355,SAUGANASH,610155,O'Hare,All Grades,2013,300.0,0.6,0 to 1.3,79.0,Yellow,300.0,1.0,0.6 to 1.5,87.0,Green
356,SAWYER,610157,Midway,All Grades,2013,1039.0,0.0,-0.4 to 0.4,49.0,Yellow,1042.0,-0.1,-0.4 to 0.1,45.0,Yellow
357,SAYRE,610158,Austin-North Lawndale,All Grades,2013,278.0,0.1,-0.6 to 0.8,54.0,Yellow,279.0,0.7,0.3 to 1.2,80.0,Green
358,SCAMMON,610159,O'Hare,All Grades,2013,464.0,0.7,0.1 to 1.3,82.0,Green,463.0,0.8,0.4 to 1.2,81.0,Green
359,SCHUBERT,610165,Fullerton,All Grades,2013,232.0,-0.4,-1.1 to 0.3,28.0,Yellow,232.0,0.3,-0.2 to 0.8,64.0,Yellow
360,SEWARD,610167,Pershing,All Grades,2013,417.0,-0.4,-1 to 0.1,28.0,Yellow,418.0,0.3,-0.1 to 0.7,66.0,Yellow
361,COLUMBIA EXPLORERS,610170,Pershing,All Grades,2013,528.0,-0.2,-0.7 to 0.4,40.0,Yellow,527.0,1.1,0.8 to 1.5,89.0,Green
362,MIRELES,610171,Skyway,All Grades,2013,408.0,0.2,-0.5 to 0.8,59.0,Yellow,407.0,1.6,1.2 to 2.1,95.0,Green
363,SHERMAN,610172,AUSL,All Grades,2013,208.0,-0.2,-1 to 0.7,41.0,Yellow,206.0,-0.3,-0.9 to 0.3,40.0,Yellow
364,SHERWOOD,610173,Englewood-Gresham,All Grades,2013,155.0,1.0,0.1 to 1.9,89.0,Green,153.0,-0.3,-1 to 0.3,39.0,Yellow
365,SHIELDS,610174,Pershing,All Grades,2013,210.0,0.9,0.3 to 1.6,88.0,Green,213.0,1.0,0.4 to 1.5,86.0,Green
366,SHOESMITH,610175,Burnham Park,All Grades,2013,133.0,0.4,-0.6 to 1.3,68.0,Yellow,132.0,0.6,0 to 1.3,75.0,Yellow
367,SHOOP,610176,Rock Island,All Grades,2013,255.0,-0.3,-1 to 0.5,36.0,Yellow,253.0,0.9,0.4 to 1.4,84.0,Green
368,SKINNER,610177,Fulton,All Grades,2013,320.0,1.0,0.4 to 1.7,90.0,Green,321.0,1.7,1.2 to 2.1,95.0,Green
369,SCHMID,610178,Lake Calumet,All Grades,2013,73.0,0.8,-0.4 to 2.1,86.0,Yellow,70.0,1.4,0.5 to 2.3,92.0,Green
370,SMYSER,610179,O'Hare,All Grades,2013,515.0,-0.9,-1.5 to -0.4,14.0,Red,515.0,0.0,-0.4 to 0.3,50.0,Yellow
371,SMYTH,610180,Fulton,All Grades,2013,209.0,-1.5,-2.3 to -0.6,5.0,Red,208.0,-0.9,-1.5 to -0.4,17.0,Red
372,SOLOMON,610182,O'Hare,All Grades,2013,151.0,0.2,-0.7 to 1.2,62.0,Yellow,151.0,-0.2,-0.8 to 0.4,42.0,Yellow
373,SPENCER TECH ACAD,610183,Austin-North Lawndale,All Grades,2013,442.0,-1.0,-1.6 to -0.3,13.0,Red,444.0,-0.2,-0.7 to 0.3,43.0,Yellow
374,SPRY,610184,Pilsen-Little Village,All Grades,2013,394.0,-0.5,-1.1 to 0.2,27.0,Yellow,386.0,-0.1,-0.5 to 0.3,46.0,Yellow
375,STEVENSON,610185,Midway,All Grades,2013,655.0,0.9,0.4 to 1.3,87.0,Green,653.0,0.1,-0.2 to 0.4,57.0,Yellow
376,DUNNE TECH ACAD,610188,Rock Island,All Grades,2013,142.0,-1.2,-2.2 to -0.3,9.0,Red,142.0,-0.2,-0.8 to 0.5,44.0,Yellow
377,STONE,610191,Ravenswood-Ridge,All Grades,2013,346.0,1.3,0.7 to 1.9,93.0,Green,346.0,0.1,-0.4 to 0.5,53.0,Yellow
378,STOWE,610192,Garfield-Humboldt,All Grades,2013,407.0,0.3,-0.4 to 0.9,63.0,Yellow,404.0,1.6,1.2 to 2,95.0,Green
379,NEW SULLIVAN,610193,Skyway,All Grades,2013,239.0,0.9,0.1 to 1.7,87.0,Green,237.0,-0.5,-1.1 to 0,31.0,Yellow
380,SUMNER,610194,Garfield-Humboldt,All Grades,2013,182.0,0.7,-0.2 to 1.6,82.0,Yellow,181.0,0.4,-0.2 to 1,69.0,Yellow
381,SUTHERLAND,610195,Rock Island,All Grades,2013,414.0,1.9,1.3 to 2.5,98.0,Green,414.0,0.7,0.3 to 1.1,78.0,Green
382,SWIFT,610196,Ravenswood-Ridge,All Grades,2013,301.0,1.3,0.6 to 2,93.0,Green,301.0,1.5,1 to 2,93.0,Green
383,TALCOTT,610197,Fulton,All Grades,2013,244.0,0.5,-0.2 to 1.3,76.0,Yellow,242.0,0.4,-0.1 to 0.9,68.0,Yellow
384,TAYLOR,610198,Lake Calumet,All Grades,2013,280.0,0.4,-0.3 to 1.1,70.0,Yellow,279.0,-0.4,-0.9 to 0.1,34.0,Yellow
385,COLEMON,610199,Lake Calumet,All Grades,2013,129.0,0.6,-0.4 to 1.5,77.0,Yellow,129.0,-0.7,-1.3 to 0,24.0,Yellow
386,"THORP, J",610200,Skyway,All Grades,2013,186.0,-0.3,-1.1 to 0.6,36.0,Yellow,186.0,-0.6,-1.2 to 0,27.0,Red
387,"THORP, O",610201,O'Hare,All Grades,2013,454.0,0.2,-0.4 to 0.8,61.0,Yellow,454.0,0.2,-0.2 to 0.5,60.0,Yellow
388,TILTON,610202,Garfield-Humboldt,All Grades,2013,141.0,0.2,-0.8 to 1.2,59.0,Yellow,139.0,-0.3,-1 to 0.4,41.0,Yellow
389,TONTI,610203,Midway,All Grades,2013,296.0,0.8,0.2 to 1.4,85.0,Green,297.0,1.4,0.9 to 1.8,92.0,Green
390,TWAIN,610206,Midway,All Grades,2013,608.0,0.1,-0.4 to 0.6,56.0,Yellow,608.0,-0.6,-1 to -0.3,26.0,Red
391,VANDERPOEL,610207,Rock Island,All Grades,2013,184.0,-0.2,-1 to 0.7,40.0,Yellow,184.0,-0.2,-0.8 to 0.4,42.0,Yellow
392,LAVIZZO,610208,Rock Island,All Grades,2013,194.0,-3.1,-4 to -2.2,0.0,Red,199.0,-2.4,-3 to -1.8,1.0,Red
393,VOLTA,610209,O'Hare,All Grades,2013,468.0,0.5,0 to 1.1,76.0,Yellow,466.0,-0.4,-0.7 to 0,37.0,Yellow
394,ALBANY PARK,610212,O'Hare,All Grades,2013,268.0,0.4,-0.4 to 1.2,71.0,Yellow,268.0,-1.0,-1.5 to -0.5,16.0,Red
395,WADSWORTH,610213,Burnham Park,All Grades,2013,56.0,0.5,-0.7 to 1.7,74.0,Yellow,56.0,-0.7,-1.7 to 0.2,22.0,Yellow
396,MADERO,610215,Pilsen-Little Village,All Grades,2013,306.0,-0.9,-1.6 to -0.1,16.0,Red,307.0,-0.4,-0.9 to 0,32.0,Yellow
397,WALSH,610216,Pilsen-Little Village,All Grades,2013,216.0,-0.9,-1.7 to -0.1,16.0,Red,215.0,1.0,0.4 to 1.5,86.0,Green
398,"WARD, J",610217,Pershing,All Grades,2013,217.0,0.9,0.1 to 1.7,88.0,Green,217.0,0.1,-0.4 to 0.7,58.0,Yellow
399,WARREN,610218,Skyway,All Grades,2013,157.0,-0.5,-1.4 to 0.4,24.0,Yellow,158.0,-1.0,-1.6 to -0.3,16.0,Red
400,"WASHINGTON, G",610219,Lake Calumet,All Grades,2013,376.0,0.1,-0.5 to 0.8,58.0,Yellow,380.0,-0.2,-0.6 to 0.2,44.0,Yellow
401,WATERS,610220,Ravenswood-Ridge,All Grades,2013,263.0,0.2,-0.5 to 0.9,61.0,Yellow,263.0,-0.2,-0.7 to 0.2,42.0,Yellow
402,WEBSTER,610221,Garfield-Humboldt,All Grades,2013,145.0,2.1,1.1 to 3,99.0,Green,145.0,3.6,3 to 4.3,100.0,Green
403,WENTWORTH,610223,Englewood-Gresham,All Grades,2013,146.0,-0.3,-1.3 to 0.7,33.0,Yellow,143.0,-0.1,-0.8 to 0.6,47.0,Yellow
404,WHISTLER,610225,Lake Calumet,All Grades,2013,158.0,-0.3,-1.2 to 0.6,32.0,Yellow,159.0,-0.7,-1.3 to 0,25.0,Red
405,SANDOVAL,610226,Midway,All Grades,2013,341.0,0.2,-0.4 to 0.7,58.0,Yellow,342.0,-0.3,-0.7 to 0.1,38.0,Yellow
406,WHITNEY,610227,Pilsen-Little Village,All Grades,2013,483.0,-0.4,-0.9 to 0.2,32.0,Yellow,483.0,0.2,-0.2 to 0.6,61.0,Yellow
407,WHITTIER,610228,Pilsen-Little Village,All Grades,2013,176.0,0.5,-0.4 to 1.4,74.0,Yellow,176.0,-1.1,-1.7 to -0.5,13.0,Red
408,PRITZKER,610229,Fulton,All Grades,2013,341.0,0.4,-0.3 to 1,70.0,Yellow,339.0,0.8,0.4 to 1.2,82.0,Green
409,WILDWOOD,610230,O'Hare,All Grades,2013,236.0,-1.3,-2.1 to -0.6,7.0,Red,237.0,0.2,-0.3 to 0.7,60.0,Yellow
410,NATIONAL TEACHERS,610231,AUSL,All Grades,2013,279.0,-0.9,-1.6 to -0.2,15.0,Red,278.0,-2.0,-2.5 to -1.5,3.0,Red
411,YATES,610234,Fullerton,All Grades,2013,289.0,-1.4,-2.1 to -0.7,6.0,Red,289.0,-1.0,-1.5 to -0.5,15.0,Red
412,YOUNG,610235,Austin-North Lawndale,All Grades,2013,621.0,-1.2,-1.7 to -0.7,10.0,Red,617.0,-1.8,-2.1 to -1.5,4.0,Red
413,BEETHOVEN,610237,Burnham Park,All Grades,2013,176.0,-1.3,-2.2 to -0.4,7.0,Red,176.0,-1.5,-2.1 to -0.9,7.0,Red
414,BOND,610238,Englewood-Gresham,All Grades,2013,180.0,-0.3,-1.2 to 0.6,32.0,Yellow,180.0,-0.9,-1.5 to -0.3,18.0,Red
415,DALEY,610239,Pershing,All Grades,2013,341.0,-0.2,-0.9 to 0.4,38.0,Yellow,341.0,0.1,-0.3 to 0.5,55.0,Yellow
416,BRENNEMANN,610242,Ravenswood-Ridge,All Grades,2013,132.0,5.3,4.3 to 6.3,100.0,Green,132.0,3.3,2.7 to 4,100.0,Green
417,CLARK HS,610244,West Side,All Grades,2013,31.0,-0.2,-1.8 to 1.4,38.0,Yellow,31.0,-0.7,-1.9 to 0.6,25.0,Yellow
418,BEASLEY,610246,Burnham Park,All Grades,2013,687.0,0.9,0.4 to 1.4,87.0,Green,688.0,-0.9,-1.2 to -0.6,18.0,Red
419,CHGO ACAD ES,610248,AUSL,All Grades,2013,289.0,-0.1,-0.8 to 0.6,43.0,Yellow,288.0,-1.2,-1.7 to -0.8,10.0,Red
420,TALMAN,610249,Midway,All Grades,2013,150.0,-0.4,-1.3 to 0.5,29.0,Yellow,150.0,-0.4,-1 to 0.3,35.0,Yellow
421,SALAZAR,610250,Fullerton,All Grades,2013,211.0,0.6,-0.2 to 1.4,78.0,Yellow,211.0,1.1,0.5 to 1.6,88.0,Green
422,CATHER,610251,Garfield-Humboldt,All Grades,2013,112.0,0.6,-0.6 to 1.7,77.0,Yellow,110.0,0.3,-0.7 to 1.3,66.0,Yellow
423,DETT,610252,Fulton,All Grades,2013,84.0,0.3,-0.8 to 1.5,66.0,Yellow,84.0,0.7,-0.1 to 1.5,79.0,Yellow
424,DVORAK TECH ACAD,610254,Austin-North Lawndale,All Grades,2013,265.0,-0.8,-1.6 to -0.1,16.0,Red,264.0,-0.9,-1.4 to -0.4,18.0,Red
425,MORTON,610257,AUSL,All Grades,2013,163.0,1.9,0.9 to 2.8,98.0,Green,163.0,0.7,-0.1 to 1.5,79.0,Yellow
426,DULLES,610263,AUSL,All Grades,2013,235.0,-2.1,-2.9 to -1.3,1.0,Red,233.0,-2.6,-3.2 to -2.1,1.0,Red
427,ASHE,610268,Skyway,All Grades,2013,202.0,1.7,0.8 to 2.6,96.0,Green,201.0,0.7,0.1 to 1.3,80.0,Green
428,MCCUTCHEON,610269,Ravenswood-Ridge,All Grades,2013,171.0,-0.1,-1 to 0.8,46.0,Yellow,171.0,0.4,-0.2 to 1,70.0,Yellow
429,JENSEN,610271,Garfield-Humboldt,All Grades,2013,183.0,-1.3,-2.1 to -0.4,8.0,Red,185.0,-1.1,-1.7 to -0.5,12.0,Red
430,JOHNSON,610274,AUSL,All Grades,2013,187.0,-2.0,-2.9 to -1.2,2.0,Red,187.0,-2.7,-3.3 to -2.1,0.0,Red
431,MOLLISON,610276,Burnham Park,All Grades,2013,152.0,0.0,-1 to 1,50.0,Yellow,148.0,0.6,-0.1 to 1.3,74.0,Yellow
432,TANNER,610279,Skyway,All Grades,2013,230.0,0.1,-0.7 to 0.9,58.0,Yellow,218.0,0.7,0.1 to 1.3,78.0,Green
433,POWELL,610281,Skyway,All Grades,2013,281.0,2.3,1.5 to 3,99.0,Green,282.0,1.5,1 to 2,93.0,Green
434,MCNAIR,610282,Austin-North Lawndale,All Grades,2013,165.0,-0.2,-1.2 to 0.8,39.0,Yellow,165.0,-0.6,-1.3 to 0.2,29.0,Yellow
435,ASHBURN,610287,Midway,All Grades,2013,209.0,0.3,-0.5 to 1.1,66.0,Yellow,211.0,-0.7,-1.3 to -0.2,23.0,Red
436,MAYS,610290,Englewood-Gresham,All Grades,2013,167.0,-0.1,-1 to 0.8,45.0,Yellow,167.0,-0.2,-0.8 to 0.5,45.0,Yellow
437,LEE,610291,Midway,All Grades,2013,448.0,0.6,0 to 1.1,77.0,Yellow,446.0,-0.7,-1.1 to -0.3,24.0,Red
438,MELODY,610293,Garfield-Humboldt,All Grades,2013,119.0,0.6,-0.4 to 1.6,78.0,Yellow,118.0,0.2,-0.6 to 0.9,59.0,Yellow
439,HIGGINS,610295,Lake Calumet,All Grades,2013,206.0,-0.4,-1.3 to 0.4,29.0,Yellow,207.0,0.1,-0.5 to 0.6,54.0,Yellow
440,LENART,610298,Skyway,All Grades,2013,157.0,1.0,0.1 to 1.9,88.0,Green,157.0,1.2,0.5 to 1.8,90.0,Green
441,HINTON,610299,Englewood-Gresham,All Grades,2013,139.0,-0.9,-1.9 to 0.1,14.0,Yellow,138.0,0.3,-0.4 to 1,64.0,Yellow
442,WESTCOTT,610300,Skyway,All Grades,2013,216.0,0.0,-0.8 to 0.9,52.0,Yellow,216.0,-1.1,-1.7 to -0.6,11.0,Red
443,MCDOWELL,610312,Skyway,All Grades,2013,54.0,-0.3,-1.5 to 0.9,35.0,Yellow,55.0,-1.3,-2.3 to -0.4,9.0,Red
444,DIEGO,610313,Fulton,All Grades,2013,387.0,-0.3,-0.9 to 0.3,35.0,Yellow,388.0,0.9,0.5 to 1.3,85.0,Green
445,WHITE,610315,Lake Calumet,All Grades,2013,57.0,1.8,0.4 to 3.1,97.0,Green,57.0,0.4,-0.6 to 1.4,68.0,Yellow
446,EARHART,610316,Skyway,All Grades,2013,129.0,0.4,-0.6 to 1.3,68.0,Yellow,128.0,0.7,0 to 1.3,77.0,Yellow
447,BRIGHTON PARK,610317,Pershing,All Grades,2013,333.0,0.4,-0.3 to 1,70.0,Yellow,331.0,0.6,0.1 to 1,74.0,Green
448,EVERGREEN,610319,Pershing,All Grades,2013,373.0,-0.4,-1.1 to 0.3,30.0,Yellow,373.0,-0.1,-0.5 to 0.4,49.0,Yellow
449,"MARSHALL, T",610321,O'Hare,All Grades,2013,417.0,-1.6,-2.3 to -0.9,4.0,Red,417.0,-2.0,-2.4 to -1.5,3.0,Red
450,LOGANDALE,610325,Fullerton,All Grades,2013,379.0,0.1,-0.5 to 0.7,55.0,Yellow,379.0,0.4,0 to 0.8,67.0,Yellow
451,OROZCO,610329,Pilsen-Little Village,All Grades,2013,462.0,0.1,-0.5 to 0.7,57.0,Yellow,460.0,0.1,-0.3 to 0.5,57.0,Yellow
452,STAGG,610339,AUSL,All Grades,2013,251.0,-0.7,-1.5 to 0.1,20.0,Yellow,250.0,0.6,0.1 to 1.2,76.0,Green
453,SABIN,610342,Fulton,All Grades,2013,321.0,0.0,-0.7 to 0.7,50.0,Yellow,321.0,0.6,0.2 to 1.1,76.0,Green
454,WOODSON,610345,Burnham Park,All Grades,2013,158.0,-1.2,-2.1 to -0.2,10.0,Red,160.0,-0.2,-0.8 to 0.5,45.0,Yellow
455,CLAREMONT,610347,Midway,All Grades,2013,229.0,1.7,0.9 to 2.6,96.0,Green,230.0,1.5,0.9 to 2.1,93.0,Green
456,BLACK,610350,Skyway,All Grades,2013,267.0,1.8,1.1 to 2.5,97.0,Green,267.0,0.2,-0.3 to 0.7,60.0,Yellow
457,DURKIN PARK,610352,Midway,All Grades,2013,286.0,-0.5,-1.2 to 0.2,25.0,Yellow,286.0,-0.8,-1.3 to -0.4,20.0,Red
458,CALMECA,610353,Pershing,All Grades,2013,402.0,0.3,-0.3 to 0.9,65.0,Yellow,397.0,0.2,-0.2 to 0.6,62.0,Yellow
459,NORTH RIVER,610354,O'Hare,All Grades,2013,153.0,0.0,-0.9 to 0.9,48.0,Yellow,152.0,-1.0,-1.6 to -0.3,17.0,Red
460,COURTENAY,610355,Ravenswood-Ridge,All Grades,2013,102.0,0.5,-0.5 to 1.6,76.0,Yellow,102.0,1.1,0.3 to 1.8,87.0,Green
461,EVERS,610362,Rock Island,All Grades,2013,191.0,-1.0,-1.9 to 0,14.0,Yellow,191.0,-1.6,-2.2 to -0.9,6.0,Red
462,DISNEY,610363,Ravenswood-Ridge,All Grades,2013,780.0,-0.2,-0.7 to 0.2,37.0,Yellow,780.0,1.0,0.7 to 1.2,86.0,Green
463,DUBOIS,610364,Lake Calumet,All Grades,2013,77.0,0.2,-1 to 1.4,61.0,Yellow,77.0,1.1,0.3 to 2,89.0,Green
464,WACKER,610366,Rock Island,All Grades,2013,113.0,-0.2,-1.3 to 0.8,37.0,Yellow,113.0,-0.4,-1.1 to 0.3,35.0,Yellow
465,DE PRIEST,610367,Austin-North Lawndale,All Grades,2013,245.0,0.8,0 to 1.6,86.0,Green,241.0,-0.3,-0.8 to 0.3,41.0,Yellow
466,"HUGHES, L",610368,Rock Island,All Grades,2013,144.0,-1.1,-2 to -0.2,12.0,Red,150.0,0.2,-0.4 to 0.9,63.0,Yellow
467,"JACKSON, M",610369,Englewood-Gresham,All Grades,2013,141.0,0.0,-1.1 to 1,47.0,Yellow,141.0,-0.1,-0.8 to 0.6,46.0,Yellow
468,LINDBLOM HS,610391,Southwest Side,All Grades,2013,228.0,-2.6,-3.5 to -1.8,1.0,Red,227.0,-2.4,-2.9 to -1.8,1.0,Red
469,UPLIFT HS,610394,North-Northwest Side,All Grades,2013,24.0,-0.4,-2.1 to 1.3,30.0,Yellow,24.0,1.2,-0.2 to 2.6,90.0,Yellow
470,TARKINGTON,610396,AUSL,All Grades,2013,582.0,-0.2,-0.7 to 0.3,40.0,Yellow,580.0,0.1,-0.3 to 0.4,55.0,Yellow
471,SUDER,610405,Fulton,All Grades,2013,151.0,-0.4,-1.3 to 0.4,27.0,Yellow,152.0,-0.4,-1 to 0.2,36.0,Yellow
472,DUAL ENR OSS SCHOOLS,610495,--,All Grades,2013,1.0,0.0,-2 to 1.9,48.0,Yellow,1.0,-0.3,-2.2 to 1.6,40.0,Yellow
473,CITYWIDE OSS SCHOOLS,610497,--,All Grades,2013,32.0,-0.5,-2 to 1.1,27.0,Yellow,32.0,-1.3,-2.4 to -0.1,10.0,Red
474,FRAZIER PROSPECTIVE,610503,Austin-North Lawndale,All Grades,2013,116.0,0.3,-0.7 to 1.3,66.0,Yellow,116.0,-0.3,-1 to 0.4,42.0,Yellow
475,DISNEY II,610515,O'Hare,All Grades,2013,151.0,0.9,0.1 to 1.8,88.0,Green,151.0,0.4,-0.2 to 1,70.0,Yellow
476,LASALLE II,610520,Fulton,All Grades,2013,290.0,0.3,-0.4 to 1.1,67.0,Yellow,290.0,-0.1,-0.6 to 0.3,46.0,Yellow
477,"DAVIS, M",610521,Englewood-Gresham,All Grades,2013,187.0,0.3,-0.5 to 1.1,65.0,Yellow,187.0,0.1,-0.5 to 0.7,56.0,Yellow
478,EDISON PARK,610523,O'Hare,All Grades,2013,176.0,-0.5,-1.3 to 0.4,27.0,Yellow,176.0,0.7,0.1 to 1.3,78.0,Green
479,OGDEN HS,610529,North-Northwest Side,All Grades,2013,279.0,0.7,-0.1 to 1.5,83.0,Yellow,279.0,-0.1,-0.6 to 0.4,48.0,Yellow
480,SOUTHSHORE,610530,Skyway,All Grades,2013,46.0,0.4,-0.9 to 1.6,69.0,Yellow,46.0,-1.9,-2.9 to -0.9,3.0,Red
481,HERNANDEZ,610532,Midway,All Grades,2013,925.0,0.0,-0.4 to 0.5,52.0,Yellow,926.0,0.3,0 to 0.6,65.0,Green
482,PRIETO,610533,Fullerton,All Grades,2013,503.0,0.0,-0.6 to 0.5,48.0,Yellow,508.0,0.7,0.3 to 1,78.0,Green
483,SKINNER NORTH,610534,Fullerton,All Grades,2013,62.0,0.8,-0.4 to 1.9,84.0,Yellow,62.0,0.9,0.1 to 1.8,85.0,Green
484,CAMRAS,610539,Fullerton,All Grades,2013,413.0,-0.4,-1 to 0.2,30.0,Yellow,413.0,-0.4,-0.8 to 0,36.0,Yellow
485,LORCA,610541,Fullerton,All Grades,2013,414.0,0.6,0 to 1.3,80.0,Green,416.0,0.6,0.2 to 1,75.0,Green
486,WEST RIDGE,610542,Ravenswood-Ridge,All Grades,2013,295.0,0.3,-0.5 to 1,63.0,Yellow,294.0,1.9,1.5 to 2.4,98.0,Green
487,AZUELA,610544,Midway,All Grades,2013,468.0,1.9,1.3 to 2.4,98.0,Green,470.0,0.9,0.5 to 1.3,85.0,Green
488,STEM ES,610548,Fulton,All Grades,2013,54.0,0.4,-0.8 to 1.5,69.0,Yellow,54.0,0.5,-0.5 to 1.5,72.0,Yellow
489,BANNER NORTH ES,610549,Alternative,All Grades,2013,12.0,0.0,-1.9 to 2,51.0,Yellow,12.0,0.7,-1.2 to 2.5,77.0,Yellow
490,MILBURN ALTERNATIVE ES,610551,Alternative,All Grades,2013,28.0,-0.4,-2.3 to 1.5,29.0,Yellow,28.0,-0.8,-2.7 to 1.1,20.0,Yellow
491,VIVIAN SUMMERS ALTERNATIVES ES,610553,Alternative,All Grades,2013,15.0,-0.1,-2 to 1.8,44.0,Yellow,15.0,-0.9,-2.7 to 1,19.0,Yellow
492,SHIELDS MIDDLE,610559,Pershing,All Grades,2013,755.0,-0.8,-1.3 to -0.3,16.0,Red,755.0,-0.7,-1 to -0.4,23.0,Red
493,BEACON THERAPEUTIC ES,800002,--,All Grades,2013,20.0,-1.7,-3.3 to 0,3.0,Red,18.0,-1.5,-2.9 to -0.1,7.0,Red
494,JEWISH CHILD FAMILY THERAPEUTIC ES,800010,--,All Grades,2013,16.0,-0.9,-2.6 to 0.7,14.0,Yellow,15.0,0.5,-0.9 to 2,73.0,Yellow
495,SOUTH CENTRAL THERAPEUTIC ES,800013,--,All Grades,2013,12.0,-0.6,-2.4 to 1.1,21.0,Yellow,12.0,-0.5,-2 to 1,31.0,Yellow
496,UCAN THERAPEUTIC ES,800015,--,All Grades,2013,11.0,0.6,-1.2 to 2.3,77.0,Yellow,11.0,0.5,-1.1 to 2.1,72.0,Yellow
497,CAMELOT THERAPEUTIC ES,800017,--,All Grades,2013,1.0,-0.1,-2 to 1.9,44.0,Yellow,1.0,-0.6,-2.5 to 1.3,28.0,Yellow
